<?xml version="1.0" encoding="UTF-8"?>
<project-private xmlns="http://www.netbeans.org/ns/project-private/1">
    <editor-bookmarks xmlns="http://www.netbeans.org/ns/editor-bookmarks/2" lastBookmarkId="0"/>
    <open-files xmlns="http://www.netbeans.org/ns/projectui-open-files/2">
        <group>
            <file>file:/Users/Amelia/NetBeansProjects/Project2Task4/src/project2task4/Spy.java</file>
            <file>file:/Users/Amelia/NetBeansProjects/Project2Task4/src/project2task4/TCPSpyUsingTEAandPasswords.java</file>
            <file>file:/Users/Amelia/NetBeansProjects/Project2Task4/src/project2task4/TCPSpyCommanderUsingTEAandPasswords.java</file>
        </group>
    </open-files>
</project-private>
